<?xml version="1.0" encoding="UTF-8"?>
<xmcfg version="0.10">
  <module name="extendedWYSIWYG" directory="wysiwyg" group="" date="2012-06-25 19:06:03">
    <setting name="cfgShowInfoBanner" usage="HIDDEN" update="INSERT">
      <value type="BOOLEAN">0</value>
    </setting>
    <setting name="cfgUpdateModifiedPage" usage="REGULAR" update="INSERT">
      <value type="BOOLEAN">1</value>
      <dialog set="General" page="Settings">
        <label>Update page information</label>
        <hint>A change of a WYSIWYG section will update the last modified field of the page (recommend!)</hint>
      </dialog>
    </setting>
    <setting name="cfgUseRelativeMediaURL" usage="REGULAR" update="INSERT">
      <value type="BOOLEAN">1</value>
      <dialog set="General" page="Settings">
        <label>Use relative MEDIA URL</label>
        <hint>Replace the URL of files from the MEDIA directory with a placeholder while saving the WYSIWYG content (recommend!)</hint>
      </dialog>
    </setting>
    <setting name="cfgArchiveIdSelectLimit" usage="REGULAR" update="INSERT">
      <value type="INTEGER">10</value>
      <dialog set="General" page="Settings">
        <label>max. Archives in Selection</label>
        <hint>The maximum number of archives that will be shown in the selection list</hint>
      </dialog>
    </setting>
    <setting name="cfgCreateArchiveFiles" usage="REGULAR" update="INSERT">
      <value type="BOOLEAN">0</value>
      <dialog set="General" page="Settings">
        <label>Create Archive Files</label>
        <hint>If activated extendedWYSIWYG will create a protected directory in the /MEDIA path and create a HTML page of each content that get the status BACKUP. The embedded images will be also saved.</hint>
      </dialog>
    </setting>   
    <setting name="cfgMaxLogfileSize" usage="REGULAR" update="INSERT">
      <value type="INTEGER">500</value>
      <dialog set="General" page="Settings">
        <label>Max. Logfile size</label>
        <hint>The maximum size of the logfile in Kilobytes</hint>
      </dialog>
    </setting>   
    <setting name="cfgDepartmentMaxPageLevels" usage="REGULAR" update="INSERT">
      <value type="INTEGER">1</value>
      <dialog set="Editorial department" set_order="2" page="Settings">
        <label>max. page levels</label>
        <hint>The maximum page levels shown in the selection list for the department root parent</hint>
      </dialog>
    </setting>   
    <setting name="cfgUseEditorialDepartment" usage="REGULAR" update="INSERT">
      <value type="BOOLEAN">0</value>
      <dialog set="Editorial department" set_order="1" page="Settings">
        <label>Use Editorial department</label>
        <hint>Specify if you want to use the Editorial department system of extendedWYSIWYG or not. Please read the documentation before you activate the Editorial department!</hint>
      </dialog>
    </setting>   
     
  </module>
</xmcfg>
